Start Time (Seconds),End Time (Seconds),Duration (Seconds),Component,Energy Consumption (Joule)
0,12.123,12.123,screen dim,5.2836883199999995
0,12.123,12.123,wifi radio,4.4224704
0.0,23.388018999999986,23.388018999999986,core 0 cpu_idle start,0.4939549612799996
0.0,23.38594600000033,23.38594600000033,core 1 cpu_idle start,0.4939111795200069
0.0,23.388087999999698,23.388087999999698,core 2 cpu_idle start,0.49395641855999356
0.0,23.39188699999977,23.39188699999977,core 3 cpu_idle start,0.49403665343999503
0.0,27.577621000000363,27.577621000000363,core 4 cpu_idle start,0.5824393555200076
0.0,24.076732999999876,24.076732999999876,core 6 cpu_idle start,0.5085006009599973
0.0,27.578362000000197,27.578362000000197,core 7 cpu_idle start,0.5824550054400041
