Start Time (Seconds),End Time (Seconds),Duration (Seconds),Component,Energy Consumption (Joule)
0,12.013,12.013,screen dark,3.2887749840000002
0,12.013,12.013,wifi radio,4.59461211
0.0,2.586244000000079,2.586244000000079,core 0 cpu_idle start,0.057267200892001734
0.0,2.5859999999993306,2.5859999999993306,core 1 cpu_idle start,0.05726179799998517
0.0,2.5859459999992396,2.5859459999992396,core 2 cpu_idle start,0.05726060227798315
0.0,2.5874060000005557,2.5874060000005557,core 3 cpu_idle start,0.057292931058012295
0.0,2.5875379999997676,2.5875379999997676,core 6 cpu_idle start,0.05729585393399485
0.0,3.1082380000007106,3.1082380000007106,core 7 cpu_idle start,0.06882571403401572
