Start Time (Seconds),End Time (Seconds),Duration (Seconds),Component,Energy Consumption (Joule)
0,11.871,11.871,screen dark,3.249899928
0,11.871,11.871,wifi radio,4.54030137
0.0,2.4850080000014714,2.4850080000014714,core 0 cpu_idle start,0.05502553214403257
0.0,2.4884130000009463,2.4884130000009463,core 1 cpu_idle start,0.05510092905902095
0.0,2.4875580000007176,2.4875580000007176,core 2 cpu_idle start,0.05508199679401588
0.0,2.4910130000007484,2.4910130000007484,core 3 cpu_idle start,0.055158500859016565
0.0,2.6941120000010415,2.6941120000010415,core 4 cpu_idle start,0.05965572201602305
0.0,2.633216000001994,2.633216000001994,core 6 cpu_idle start,0.058307301888044144
