Start Time (Seconds),End Time (Seconds),Duration (Seconds),Component,Energy Consumption (Joule)
0,11.424,11.424,screen dim,4.97903616
0,11.424,11.424,wifi radio,4.1674752
0.0,2.1521029999994425,2.1521029999994425,core 0 cpu_idle start,0.045452415359988216
0.0,2.15133699999933,2.15133699999933,core 1 cpu_idle start,0.045436237439985844
0.0,2.1529099999997925,2.1529099999997925,core 2 cpu_idle start,0.04546945919999561
0.0,2.150937999999769,2.150937999999769,core 3 cpu_idle start,0.04542781055999512
0.0,2.150894999999764,2.150894999999764,core 4 cpu_idle start,0.04542690239999501
0.0,2.1523699999997916,2.1523699999997916,core 6 cpu_idle start,0.04545805439999559
