Start Time (Seconds),End Time (Seconds),Duration (Seconds),Component,Energy Consumption (Joule)
0,12.635,12.635,screen dim,5.5068384
0,12.635,12.635,wifi radio,4.609248
0.0,2.6181930000002467,2.6181930000002467,core 0 cpu_idle start,0.0552962361600052
0.0,2.688431000000037,2.688431000000037,core 1 cpu_idle start,0.05677966272000077
0.0,2.626198000000386,2.626198000000386,core 2 cpu_idle start,0.05546530176000814
0.0,2.6181930000002467,2.6181930000002467,core 3 cpu_idle start,0.0552962361600052
0.0,2.6184390000003077,2.6184390000003077,core 4 cpu_idle start,0.05530143168000649
0.0,2.8491220000000794,2.8491220000000794,core 6 cpu_idle start,0.06017345664000167
