Start Time (Seconds),End Time (Seconds),Duration (Seconds),Component,Energy Consumption (Joule)
0,11.469,11.469,screen dark,3.128926704
0,11.469,11.469,wifi radio,4.371294659999999
0.0,2.5889380000007804,2.5889380000007804,core 0 cpu_idle start,0.05712750590801721
0.0,2.5875870000008945,2.5875870000008945,core 1 cpu_idle start,0.05709769474201973
0.0,2.5877470000004905,2.5877470000004905,core 2 cpu_idle start,0.05710122530201081
0.0,2.5874280000007275,2.5874280000007275,core 3 cpu_idle start,0.05709418624801604
0.0,3.129877000000306,3.129877000000306,core 4 cpu_idle start,0.06906386588200673
0.0,3.192590000000564,3.192590000000564,core 6 cpu_idle start,0.07044769094001244
