Start Time (Seconds),End Time (Seconds),Duration (Seconds),Component,Energy Consumption (Joule)
0,12.991,12.991,screen dark,3.556520088
0,12.991,12.991,wifi radio,4.96866777
0.0,2.737001000001328,2.737001000001328,core 0 cpu_idle start,0.0606054131430294
0.0,2.7364440000019385,2.7364440000019385,core 1 cpu_idle start,0.060593079492042914
0.0,2.7399160000022675,2.7399160000022675,core 2 cpu_idle start,0.0606699599880502
0.0,2.7397430000019085,2.7397430000019085,core 3 cpu_idle start,0.06066612924904225
0.0,3.15170500000022,3.15170500000022,core 5 cpu_idle start,0.06978820381500486
0.0,3.080429000001459,3.080429000001459,core 7 cpu_idle start,0.06820993934703229
