Start Time (Seconds),End Time (Seconds),Duration (Seconds),Component,Energy Consumption (Joule)
0,15.327,15.327,screen dim,6.68011968
0,15.327,15.327,wifi radio,5.5912896000000005
0.0,5.950144999999793,5.950144999999793,core 0 cpu_idle start,0.12566706239999562
0.0,5.951001999999789,5.951001999999789,core 1 cpu_idle start,0.12568516223999554
0.0,6.002025999999205,6.002025999999205,core 2 cpu_idle start,0.12676278911998318
0.0,5.950384999999187,5.950384999999187,core 3 cpu_idle start,0.1256721311999828
0.0,13.321842999999717,13.321842999999717,core 4 cpu_idle start,0.281357324159994
0.0,14.781713999999738,14.781713999999738,core 6 cpu_idle start,0.31218979967999444
