Start Time (Seconds),End Time (Seconds),Duration (Seconds),Component,Energy Consumption (Joule)
0,11.75,11.75,screen dark,3.216774
0,11.75,11.75,wifi radio,4.4940225
0.0,10.65197900000021,10.65197900000021,core 0 cpu_idle start,0.23586677099700462
0.0,10.640588000000207,10.640588000000207,core 1 cpu_idle start,0.23561454008400454
0.0,10.634194000000207,10.634194000000207,core 2 cpu_idle start,0.23547295774200455
0.0,10.638187000000471,10.638187000000471,core 3 cpu_idle start,0.23556137474101038
0.0,10.63531299999886,10.63531299999886,core 5 cpu_idle start,0.2354977357589747
0.0,11.465110999999524,11.465110999999524,core 6 cpu_idle start,0.2538719528729894
